Year,Entity,Renewables share of electricity (%)
1985,Egypt,30.238
1986,Egypt,27.639
1987,Egypt,25.157
1988,Egypt,22.807
1989,Egypt,23.359
1990,Egypt,23.724
1991,Egypt,22.913
1992,Egypt,21.784
1993,Egypt,21.594
1994,Egypt,22.097
1995,Egypt,22.096
1996,Egypt,21.437
1997,Egypt,20.729
1998,Egypt,19.943
1999,Egypt,20.466
2000,Egypt,19.449
2001,Egypt,18.077
2002,Egypt,16.468
2003,Egypt,14.351
2004,Egypt,13.567
2005,Egypt,12.531
2006,Egypt,11.992
2007,Egypt,12.414
2008,Egypt,12.446
2009,Egypt,11.03
2010,Egypt,9.963
2011,Egypt,9.842
2012,Egypt,9.132
2013,Egypt,8.996
2014,Egypt,8.619
2015,Egypt,8.585
2016,Egypt,8.412
2017,Egypt,8.022
2018,Egypt,8.255
2019,Egypt,9.767
2020,Egypt,11.964
2021,Egypt,12.096
2022,Egypt,11.817
2023,Egypt,11.702
2024,Egypt,11.197
2025,Egypt,13.015
1985,World,20.817
1986,World,20.545
1987,World,19.914
1988,World,19.683
1989,World,18.83
1990,World,19.06
1991,World,19.107
1992,World,19.006
1993,World,19.707
1994,World,19.378
1995,World,19.72
1996,World,19.406
1997,World,19.362
1998,World,19.061
1999,World,18.754
2000,World,18.716
2001,World,18.044
2002,World,17.908
2003,World,17.442
2004,World,17.982
2005,World,18.096
2006,World,18.228
2007,World,17.974
2008,World,18.908
2009,World,19.467
2010,World,19.721
2011,World,20.016
2012,World,20.977
2013,World,21.712
2014,World,22.263
2015,World,22.967
2016,World,23.732
2017,World,24.466
2018,World,25.089
2019,World,26.071
2020,World,27.987
2021,World,28.102
2022,World,29.47
2023,World,30.323
2024,World,31.935
2025,World,33.76
